﻿[
  {
    "name": "Environnement",
    "coefficient": 1,
    "initialValue": 20
  },

  {
    "name": "Culture",
    "coefficient": 1,
    "initialValue": 20
  },

  {
    "name": "Economie",
    "coefficient": 1,
    "initialValue": 70
  },

  {
    "name": "Energie",
    "coefficient": 1,
    "initialValue": 20
  },

  {
    "name": "Académique",
    "coefficient": 1,
    "initialValue": 70
  },

  {
    "name": "Population",
    "coefficient": 1,
    "initialValue": 30
  },

  {
    "name": "Mobilité",
    "coefficient": 1,
    "initialValue": 30
  }
]