[
  {
    "Positive": {
      "name": "À la diet!",
      "description": "Augmenter les prix de restauration pour un service de meilleure qualité! Et finalement, manger c'est surfait",
      "requirements": [
        {
          "score": "Academique",
          "minRequired": null
        }
      ],
      "consequences": [
        {
          "score": "Economie",
          "isByTurn": false,
          "value": 2
        },
        {
          "score": "Culture",
          "isByTurn": false,
          "value": 4
        }
      ],
      "duration": null,
      "cooldown": null,
      "delay": 0
    },

    "Negative": {
      "name": "On a les crocs!",
      "description": "Pour une justice sociale, réduire les prix de la nourriture sur les campus!",
      "requirements": [
        {
          "score": "Academique",
          "isByTurn": false,
          "minRequired": null
        }
      ],
      "consequences": [
        {
          "score": "Economie",
          "isByTurn": false,
          "value": -2
        },
        {
          "score": "Culture",
          "isByTurn": false,
          "value": 3
        }
      ],
      "duration": null,
      "cooldown": null,
      "delay": 0
    },

    "Random": {
      "name": "Journée: aliment mal-aimé",
      "description": "Tout le monde a droit à l'amour... même les choux-fleurs. Pourquoi ne pas leur laisser une chance ? C'est plein de fibres, plein de vitamines, et en plus c'est pas si mauvais.",
      "requirements": [
        {
          "score": "Academique",
          "isByTurn": false,
          "minRequired": null
        }
      ],
      "consequences": [
        {
          "score": "Environnement",
          "isByTurn": false,
          "value": 1
        },
        {
          "score": "Population",
          "isByTurn": false,
          "value": -1
        }
      ],
      "duration": null,
      "cooldown": null,
      "delay": 0
    }
  },


  {
    "Positive": {
      "name": "Wifi Payant",
      "description": "Les étudiant-es seront responsables de leur consommation, ce n'est pas du ressort de l'institution!",
      "requirements": [
        {
          "score": "Academique",
          "isByTurn": false,
          "minRequired": null
        }
      ],
      "consequences": [
        {
          "score": "Economie",
          "isByTurn": false,
          "value": 2
        },
        {
          "score": "Culture",
          "isByTurn": false,
          "value": -1
        },
        {
          "score": "Academique",
          "isByTurn": false,
          "value": -1
        },
        {
          "score": "Energie",
          "isByTurn": false,
          "value": 1
        }
      ],
      "duration": null,
      "cooldown": null,
      "delay": 0
    },

    "Negative": {
      "name": "Wifi étendu à la ville",
      "description": "Un wifi commun pour ne plus se ruiner chez Swisscom!",
      "requirements": [
        {
          "score": "Academique",
          "minRequired": null
        }
      ],
      "consequences": [
        {
          "score": "Economie",
          "isByTurn": false,
          "value": -2
        },
        {
          "score": "Culture",
          "isByTurn": false,
          "value": 1
        },
        {
          "score": "Energie",
          "isByTurn": false,
          "value": -1
        }
      ],
      "duration": null,
      "cooldown": null,
      "delay": 0
    },

    "Random": {
      "name": "Wifi individuel 6G",
      "description": "L'UNIL et l'EPFL considèrent Internet comme une ressource essentielle à tout instant, elles fourniront une connexion 6G individuelle, ultrarapide et gratuite aux étudiant-es inscrits",
      "requirements": [
        {
          "score": "Academique",
          "minRequired": null
        }
      ],
      "consequences": [
        {
          "score": "Environnement",
          "isByTurn": false,
          "value": -1
        },
        {
          "score": "Energie",
          "isByTurn": false,
          "value": -2
        },
        {
          "score": "Culture",
          "isByTurn": false,
          "value": 1
        }
      ],
      "duration": null,
      "cooldown": null,
      "delay": 0
    }
  },

  {
    "Positive": {
      "name": "Inflation du semestre",
      "description": "Augmenter les frais de scolarité, il y aura peut-être moins d'étudiant-es, mais tout l'enseignement sera de meilleure qualité!",
      "requirements": [
        {
          "score": "Academique",
          "minRequired": null
        }
      ],
      "consequences": [
        {
          "score": "Economie",
          "isByTurn": false,
          "value": 2
        },
        {
          "score": "Culture",
          "isByTurn": false,
          "value": -2
        },
        {
          "score": "Academique",
          "isByTurn": false,
          "value": 1
        }
      ],
      "duration": null,
      "cooldown": null,
      "delay": 0
    },

    "Negative": {
      "name": "Gratuité des études",
      "description": "L'éducation est un droit pour tous-tes. La question financière ne devrait pas entrer en compte. En route vers une société véritablement égalitaire!",
      "requirements": [
        {
          "score": "Academique",
          "minRequired": null
        }
      ],
      "consequences": [
        {
          "score": "Economie",
          "isByTurn": false,
          "value": -3
        },
        {
          "score": "Culture",
          "isByTurn": false,
          "value": 2
        }
      ],
      "duration": null,
      "cooldown": null,
      "delay": 0
    },

    "Random": {
      "name": "Un écolage PIB",
      "description": "Aligner les frais de scolarité au PIB, une échelle progressive qui prend en compte les inégalités mondiales Nord/Sud, bien évidemment",
      "requirements": [
        {
          "score": "Academique",
          "minRequired": null
        }
      ],
      "consequences": [
        {
          "score": "Academique",
          "isByTurn": false,
          "value": -1
        },
        {
          "score": "Economie",
          "isByTurn": false,
          "value": 2
        }
      ],
      "duration": null,
      "cooldown": null,
      "delay": 0
    }
  },
  {
    "Positive": {
      "name": "Offre bio!",
      "description": "Ajouter plus d'espaces commerciaux qui seront bios, pour consommer éthiquement et surtout consommer",
      "requirements": [
        {
          "score": "Academique",
          "minRequired": null
        }
      ],
      "consequences": [
        {
          "score": "Population",
          "isByTurn": false,
          "value": -1
        },
        {
          "score": "Economie",
          "isByTurn": false,
          "value": 2
        },
        {
          "score": "Environnement",
          "isByTurn": false,
          "value": 2
        },
        {
          "score": "Energie",
          "isByTurn": false,
          "value": 1
        }
      ],
      "duration": null,
      "cooldown": null,
      "delay": 0
    },

    "Negative": {
      "name": "Castor freegan partout",
      "description": "Donner les invendus journaliers du campus, celles et ceux qui ont moins d'argent mangeront plus tard dans la journée",
      "requirements": [
        {
          "score": "Academique",
          "minRequired": null
        }
      ],
      "consequences": [
        {
          "score": "Environnement",
          "isByTurn": false,
          "value": -2
        },
        {
          "score": "Economie",
          "isByTurn": false,
          "value": -1
        },
        {
          "score": "Population",
          "isByTurn": false,
          "value": 1
        }
      ],
      "duration": null,
      "cooldown": null,
      "delay": 0
    },
    "Random": {
      "name": "Campus Commercial",
      "description": "Transformer le campus en centre commercial, plus besoin d'aller en ville, tout est sur place. Fini les études, avec les intelligences artificielles, on n'a plus besoin des humains pour étudier. Autant s'amuser et faire du shopping toute la journée!",
      "requirements": [
        {
          "score": "Academique",
          "minRequired": null
        }
      ],
      "consequences": [
        {
          "score": "Economie",
          "isByTurn": false,
          "value": 2
        },
        {
          "score": "Energie",
          "isByTurn": false,
          "value": -2
        },
        {
          "score": "Academique",
          "isByTurn": false,
          "value": -2
        }
      ],
      "duration": null,
      "cooldown": null,
      "delay": 0
    }
  },

  {
    "Positive": {
      "name": "État, à l'aide!",
      "description": "Demander des subventions supplémentaires au Canton et à la Confédération",
      "requirements": [
        {
          "score": "Academique",
          "minRequired": 50
        }
      ],
      "consequences": [
        {
          "score": "Economie",
          "isByTurn": false,
          "value": 2
        }
      ],
      "duration": null,
      "cooldown": null,
      "delay": 0
    },
    "Negative": {
      "name": "Brevet sur les découvertes",
      "description": "Certaines universités en Amérique le font déjà, cela garantit un revenu durable et un bon retour sur investissement pour l'institution! (mais pas pour les chercheur-euses)",
      "requirements": [
        {
          "score": "Economie",
          "isByTurn": false,
          "minRequired": null
        }
      ],
      "consequences": [
        {
          "score": "Economie",
          "isByTurn": false,
          "value": -2
        },
        {
          "score": "Culture",
          "isByTurn": false,
          "value": -4
        }
      ],
      "duration": null,
      "cooldown": null,
      "delay": 0
    },

    "Random": {
      "name": "Crowdfunding",
      "description": "L'université a vocation pour le bien commun, alors pourquoi ne pas faire contribuer tout le monde?",
      "requirements": [
        {
          "score": "Economie",
          "isByTurn": false,
          "minRequired": null
        }
      ],
      "consequences": [
        {
          "score": "Economie",
          "isByTurn": false,
          "value": -3
        },
        {
          "score": "Culture",
          "isByTurn": false,
          "value": 4
        }
      ],
      "duration": null,
      "cooldown": null,
      "delay": 0
    }
  },

  {
    "Positive": {
      "name": "???",
      "description": "",
      "requirements": [
        {
          "score": "Economie",
          "isByTurn": false,
          "minRequired": null
        }
      ],
      "consequences": [
        {
          "score": "Economie",
          "isByTurn": false,
          "value": 2
        },
        {
          "score": "Culture",
          "isByTurn": false,
          "value": 4
        }
      ],
      "duration": null,
      "cooldown": null,
      "delay": 0
    },

    "Negative": {
      "name": "???",
      "description": "",
      "requirements": [
        {
          "score": "Economie",
          "isByTurn": false,
          "minRequired": null
        }
      ],
      "consequences": [
        {
          "score": "Economie",
          "isByTurn": false,
          "value": -2
        },
        {
          "score": "Culture",
          "isByTurn": false,
          "value": -4
        }
      ],
      "duration": null,
      "cooldown": null,
      "delay": 0
    },

    "Random": {
      "name": "???",
      "description": "",
      "requirements": [
        {
          "score": "Economie",
          "isByTurn": false,
          "minRequired": null
        }
      ],
      "consequences": [
        {
          "score": "Economie",
          "isByTurn": false,
          "value": -3
        },
        {
          "score": "Culture",
          "isByTurn": false,
          "value": 4
        }
      ],
      "duration": null,
      "cooldown": null,
      "delay": 0
    }
  }
]
