[
  {
    "Positive": {
      "name": "À bas le béton!",
      "description": "Déminéraliser les places publiques, c'est plus de biodiversité, moins d'îlots de chaleur,les petits oiseaux... laisser plus de place à la nature",
      "requirements": [
        {
          "score": "Academique",
          "minRequired": null
        }
      ],
      "consequences": [
        {
          "score": "Environnement",
          "isByTurn": false,
          "value": 2
        },
        {
          "score": "Economie",
          "isByTurn": false,
          "value": -1
        },
        {
          "score": "Population",
          "isByTurn": false,
          "value": 2
        },
        {
          "score": "Mobilite",
          "isByTurn": false,
          "value": -1
        }
      ],
      "duration": null,
      "cooldown": null,
      "delay": 0
    },
    
    "Negative": {
      "name": "Sous la pelouse, les pavés",
      "description": "La pelouse représente trop d'entretien et ça tache les pantalons. Les pavés c'est simple, efficace et confortable!",
      "requirements": [
        {
          "score": "Academique",
          "minRequired": null
        }
      ],
      "consequences": [
        {
          "score": "Economie",
          "isByTurn": false,
          "value": -1
        },
        {
          "score": "Environnement",
          "isByTurn": false,
          "value": -2
        },
        {
          "score": "Population",
          "isByTurn": false,
          "value": 1
        }
      ],
      "duration": null,
      "cooldown": null,
      "delay": 0
    },

    "Random": {
      "name": "Bétoner la Chamberonne",
      "description": "La mobilité est un enjeu central du campus, il faut fluidifier les relations entre les espaces, La Chamberonne est un cours d'eau de trop!",
      "requirements": [
        {
          "score": "Academique",
          "minRequired": null
        }
      ],
      "consequences": [
        {
          "score": "Economie",
          "isByTurn": false,
          "value": -1
        },
        {
          "score": "Environnement",
          "isByTurn": false,
          "value": -3
        },
  
        {
          "score": "Population",
          "isByTurn": false,
          "value": -2
        },
        {
          "score": "Mobilite",
          "isByTurn": false,
          "value": 2
        }
      ],
      "duration": null,
      "cooldown": null,
      "delay": 0
    }
  },


  {
    "Positive": {
      "name": "Roi des forêts",
      "description": "La plantation d'arbre apporte de l'ombre, de l'oxigène et enrichit les sols. C'est est un des moyens les plus simples contre le réchauffement climatique!",
      "requirements": [
        {
          "score": "Academique",
          "minRequired": null
        }
      ],
      "consequences": [
        {
          "score": "Economie",
          "isByTurn": false,
          "value": -2
        },
        {
          "score": "Population",
          "isByTurn": false,
          "value": 4
        }
      ],
      "duration": null,
      "cooldown": null,
      "delay": 0
    },
  
    "Negative": {
      "name": "Arbre en plastique",
      "description": "Après un premier coût à l'achat ces arbres embelliront les intérieurs, pas besoin d'eau, uniquement un coup de plumeau de temps en temps! ",
      "requirements": [
        {
          "score": "Academique",
          "minRequired": null
        }
      ],
      "consequences": [
        {
          "score": "Economie",
          "isByTurn": false,
          "value": -1
        },
        {
          "score": "Environnement",
          "isByTurn": false,
          "value": 1
        },
        {
          "score": "Population",
          "isByTurn": false,
          "value": 1
        },
        {
          "score": "Energie",
          "isByTurn": false,
          "value": -2
        }
      ],
      "duration": null,
      "cooldown": null,
      "delay": 0
    },

    "Random": {
      "name": "Arbre 'liquide' ",
      "description": "Ces réservoirs d'eau permettront de purifier l'air comme les arbres sans l'embarras d'être planté dans la terre! ",
      "requirements": [
        {
          "score": "Academique",
          "isByTurn": false,
          "minRequired": null
        }
      ],
      "consequences": [
        {
          "score": "Economie",
          "isByTurn": false,
          "value": -1
        },
        {
          "score": "Environnement",
          "isByTurn": false,
          "value": -1
        },
  
        {
          "score": "Energie",
          "isByTurn": false,
          "value": 1
        }
      ],
      "duration": null,
      "cooldown": null,
      "delay": 0
    }
  },

  {
    "Positive": {
      "name": "Mouton-Tondeuse",
      "description": "Augmenter le nombre de moutons pour tondre la pelouse, c'est naturel, et les moutons sont trop mignons",
      "requirements": [
        {
          "score": "Academique",
          "isByTurn": false,
          "minRequired": null
        }
      ],
      "consequences": [
        {
          "score": "Energie",
          "isByTurn": false,
          "value": 1
        },
        {
          "score": "Population",
          "isByTurn": false,
          "value": 2
        },
        {
          "score": "Economie",
          "isByTurn": false,
          "value": 1
        }
      ],
      "duration": null,
      "cooldown": null,
      "delay": 0
    },
  
    "Negative": {
      "name": "Robots aspirateurs",
      "description": "C'est un progrès social de supprimer ces emplois répétitifs grâce aux robots, tout va disparaître!",
      "requirements": [
        {
          "score": "Academique",
          "isByTurn": false,
          "minRequired": null
        }
      ],
      "consequences": [
        {
          "score": "Economie",
          "isByTurn": false,
          "value": -1
        },
        {
          "score": "Environnement",
          "isByTurn": false,
          "value": -1
        },
        {
          "score": "Population",
          "isByTurn": false,
          "value": -2
        }
      ],
      "duration": null,
      "cooldown": null,
      "delay": 0
    },

    "Random": {
      "name": "Champ de fleurs",
      "description": "Arrêter de tondre au profit du biotope, planter des bourgeons pour un décor floral, romantique, et agréable",
      "requirements": [
        {
          "score": "Academique",
          "isByTurn": false,
          "minRequired": null
        }
      ],
      "consequences": [
        {
          "score": "Economie",
          "isByTurn": false,
          "value": -1
        },
        {
          "score": "Academique",
          "isByTurn": false,
          "value": -3
        },
  
        {
          "score": "Population",
          "isByTurn": false,
          "value": 2
        }
      ],
      "duration": null,
      "cooldown": null,
      "delay": 0
    }
  },

  {
    "Positive": {
      "name": "Campus zéro-déchet",
      "description": " Moins de pollution, plus de confort, moins de plastique, plus de tri !",
      "requirements": [
        {
          "score": "Academique",
          "minRequired": null
        }
      ],
      "consequences": [
        {
          "score": "Economie",
          "isByTurn": false,
          "value": 1
        },
        {
          "score": "Environnement",
          "isByTurn": false,
          "value": 3
        },
        {
          "score": "Economie",
          "isByTurn": false,
          "value": -1
        },
        {
          "score": "Energie",
          "isByTurn": false,
          "value": -2
        },
        {
          "score": "Population",
          "isByTurn": false,
          "value": -1
        }
      ],
      "duration": null,
      "cooldown": null,
      "delay": 0
    },
  
    "Negative": {
      "name": "Supprimer les poubelles",
      "description": "Un confort moindre et un risque d'une accumulation de déchet conséquent",
      "requirements": [
        {
          "score": "Academique",
          "minRequired": null
        }
      ],
      "consequences": [
        {
          "score": "Economie",
          "isByTurn": false,
          "value": 2
        },
        {
          "score": "Environnement",
          "isByTurn": false,
          "value": -3
        },
        {
          "score": "Population",
          "isByTurn": false,
          "value": -3
        }
      ],
      "duration": null,
      "cooldown": null,
      "delay": 0
    },

    "Random": {
      "name": "Tri des déchets obligatoie",
      "description": "Atelier hebdomadaire de tri déchet obligatoire pour apprendre aux étudiants à trier efficacement, tout en sensibilisant à ses conséquences ! C'est une expérience sociale unique",
      "requirements": [
        {
          "score": "Academique",
          "minRequired": null
        }
      ],
      "consequences": [
        {
          "score": "Economie",
          "isByTurn": false,
          "value": 1
        },
        {
          "score": "Environnement",
          "isByTurn": false,
          "value": -2
        },
        {
          "score": "Culture",
          "isByTurn": false,
          "value": 1
        },
        {
          "score": "Energie",
          "isByTurn": false,
          "value": -1
        },
  
        {
          "score": "Population",
          "isByTurn": false,
          "value": 2
        },
        {
          "score": "Academique",
          "isByTurn": false,
          "value": 1
        },
        {
          "score": "Population",
          "isByTurn": false,
          "value": -3
        }
      ],
      "duration": null,
      "cooldown": null,
      "delay": 0
    }
  },

  {
    "Positive": {
      "name": "Campus potager",
      "description": "Cultiver local, une économie circulaire, et une activité douce à pratique entre ami-es pour former une société universitaire plus solidaires",
      "requirements": [
        {
          "score": "Academique",
          "minRequired": null
        }
      ],
      "consequences": [
        {
          "score": "Culture",
          "isByTurn": false,
          "value": 1
        },
        {
          "score": "Economie",
          "isByTurn": false,
          "value": -2
        },
        {
          "score": "Environnement",
          "isByTurn": false,
          "value": 2
        }
      ],
      "duration": null,
      "cooldown": null,
      "delay": 0
    },
  
    "Negative": {
      "name": "Casser les prix",
      "description": "Importer la nourriture à bas prix pour tous les portes-monnaies!",
      "requirements": [
        {
          "score": "Academique",
          "minRequired": null
        }
      ],
      "consequences": [
        {
          "score": "Population",
          "value": -1
        },
        {
          "score": "Economie",
          "value": 2
        }
      ],
      "duration": null,
      "cooldown": null,
      "delay": 0
    },

    "Random": {
      "name": "Midi selecta",
      "description": "Remplacer les cafétérias par des selectas, service garanti 24h sur 24h",
      "requirements": [
        {
          "score": "Academique",
          "minRequired": null
        }
      ],
      "consequences": [
        {
          "score": "Economie",
          "isByTurn": false,
          "value": 2
        },
        {
          "score": "Population",
          "isByTurn": false,
          "value": 2
        }
      ],
      "duration": null,
      "cooldown": null,
      "delay": 0
    }
  },

  {
    "Positive": {
      "name": "cours sur l'écologie",
      "description": "intégrer un cours obligatoire sur les enjeux écologiques dans tous les cursus",
      "requirements": [
        {
          "score": "Academique",
          "minRequired": null
        }
      ],
      "consequences": [
        {
          "score": "Environnement",
          "isByTurn": false,
          "value": 1
        },
        {
          "score": "Culture",
          "isByTurn": false,
          "value": 1
        },
        {
          "score": "Academique",
          "isByTurn": false,
          "value": 1
        },
        {
          "score": "Mobilite",
          "isByTurn": false,
          "value": 1
        }
      ],
      "duration": null,
      "cooldown": null,
      "delay": 0
    },
    
    "Negative": {
      "name": "cours de profit économique",
      "description": "Intégrer un cours obligatoire pour être un-e entrepreneuse efficace de le système économique actuel",
      "requirements": [
        {
          "score": "Academique",
          "minRequired": null
        }
      ],
      "consequences": [
        {
          "score": "Environnement",
          "isByTurn": false,
          "value": -1
        },
        {
          "score": "Economie",
          "isByTurn": false,
          "value": 1
        }
      ],
      "duration": null,
      "cooldown": null,
      "delay": 0
    },

    "Random": {
      "name": "Cours d'animisme",
      "description": "Intégrer un cours obligatoire sur l'animisme pour une approche plus consciente et connecté au monde ",
      "requirements": [
        {
          "score": "Academique",
          "minRequired": null
        }
      ],
      "consequences": [
        {
          "score": "Population",
          "isByTurn": false,
          "value": 1
        },
  
        {
          "score": "Culture",
          "isByTurn": false,
          "value": 1
        },
        {
          "score": "Academique",
          "isByTurn": false,
          "value": -1
        }
      ],
      "duration": null,
      "cooldown": null,
      "delay": 0
    }
  }
  
]