[
  {
    "Positive": {
      "name": "Abonnement TP gratuits ",
      "description": "Se déplacer librement en transports publics sans problème, et profiter de la ville et des paysages alentour !",
      "requirements": [
        {
          "score": "Economie",
          "minRequired": null
        }
      ],
      "consequences": [
        {
          "score": "Environnement",
          "isByTurn": false,
          "value": -1
        },
        {
          "score": "Energie",
          "isByTurn": false,
          "value": 1
        },
        {
          "score": "Culture",
          "isByTurn": false,
          "value": 1
        },
        {
          "score": "Mobilite",
          "isByTurn": false,
          "value": 3
        }
      ],
      "duration": null,
      "cooldown": null,
      "delay": 0
    },

    "Negative": {
      "name": "Création de parking ",
      "description": "Nous sommes à votre écoute, les plaintes répétées quant au manque de places ont été entendues. Évidemment c'est moins d'espace vert et ils restent payants ",
      "requirements": [
        {
          "score": "Economie",
          "minRequired": null
        }
      ],
      "consequences": [
        {
          "score": "Environnement",
          "isByTurn": false,
          "value": -2
        },
        {
          "score": "Culture",
          "isByTurn": false,
          "value": 1
        },
        {
          "score": "Economie",
          "isByTurn": false,
          "value": 1
        },
        {
          "score": "Population",
          "isByTurn": false,
          "value": 1
        },
        {
          "score": "Mobilite",
          "isByTurn": false,
          "value": -3
        }
      ],
      "duration": null,
      "cooldown": null,
      "delay": 0
    },
    "Random": {
      "name": "Tapis roulants sur tout le campus",
      "description": "Du point de vue énergie, ce n'est pas trop ça, sans compter la perte d'activité physique... mais il y a l'impression de vivre dans le futur, et ça, c'est stylé",
      "requirements": [
        {
          "score": "Economie",
          "minRequired": null
        }
      ],
      "consequences": [
        {
          "score": "Energie",
          "isByTurn": false,
          "value": -2
        },
        {
          "score": "Economie",
          "isByTurn": false,
          "value": -2
        },
        {
          "score": "Mobilite",
          "isByTurn": false,
          "value": 2
        }
      ],
      "duration": null,
      "cooldown": null,
      "delay": 0
    }
  },

  {
    "Positive": {
      "name": "Zéro automobile",
      "description": "Ecologie, moins de bruit, pour un campus durable et moderne ! (Mais plus de mal de dos peut-être, à force de tout transporter",
      "requirements": [
        {
          "score": "Economie",
          "minRequired": null
        }
      ],
      "consequences": [
        {
          "score": "Economie",
          "isByTurn": false,
          "value": 2
        },
        {
          "score": "Economie",
          "isByTurn": false,
          "value": 4
        }
      ],
      "duration": null,
      "cooldown": null,
      "delay": 0
    },

    "Negative": {
      "name": "Supprimer les ascenseurs",
      "description": "Les personnes à mobilité réduite n'ont plus accès aux salles de cours mais le reste de la population est plus sportive",
      "requirements": [
        {
          "score": "Economie",
          "isByTurn": false,
          "minRequired": null
        }
      ],
      "consequences": [
        {
          "score": "Energie",
          "isByTurn": false,
          "value": 1
        },
        {
          "score": "Economie",
          "isByTurn": false,
          "value": 1
        },
        {
          "score": "Mobilite",
          "isByTurn": false,
          "value": -2
        }
      ],
      "duration": null,
      "cooldown": null,
      "delay": 0
    },

    "Random": {
      "name": "téléphérique interbâtiments",
      "description": "Perséverer dans les traditions suisses et avoir l'imrpession d'être tous les jours au ski, rien de mieux pour sociabiliser entre les cours!",
      "requirements":[
        {
          "score": "Economie",
          "minRequired": null
        }
      ],
      "consequences": [
        {
          "score": "Economie",
          "isByTurn": false,
          "value": -3
        },
        {
          "score": "Economie",
          "isByTurn": false,
          "value": 4
        }
      ],
      "duration": null,
      "cooldown": null,
      "delay": 0
    }
  },

  {
    "Positive": {
      "name": "Tout vélo",
      "description": "Allier sport et écologie, le tout vélo permet de favoriser la mobilité douce sur le campus",
      "requirements": [
        {
          "score": "Economie",
          "isByTurn": false,
          "minRequired": null
        }
      ],
      "consequences": [
        {
          "score": "Mobilite",
          "isByTurn": false,
          "value": 3
        },
        {
          "score": "Environnement",
          "isByTurn": false,
          "value": 1
        }
      ],
      "duration": null,
      "cooldown": null,
      "delay": 0
    },

    "Negative": {
      "name": " Voitures de golf partout",
      "description": "Un déplacement sur batterie électrique en accord avec la croissance verte tout en faisant la promotion d'un sport vert!",
      "requirements": [
        {
          "score": "Economie",
          "isByTurn": false,
          "minRequired": null
        }
      ],
      "consequences": [
        {
          "score": "Energie",
          "isByTurn": false,
          "value": -1
        },
        {
          "score": "Economie",
          "isByTurn": false,
          "value": -3
        },
        {
          "score": "Mobilite",
          "isByTurn": false,
          "value": 2
        }
      ],
      "duration": null,
      "cooldown": null,
      "delay": 0
    },

    "Random": {
      "name": "tyrolienne à gogo",
      "description": "Entre le BM et le Rolex, ou l'Amphimax et l'Anthropole, ça aura un charme fou!",
      "requirements":[
        {
          "score": "Economie",
          "minRequired": null
        }
      ],
      "consequences": [
        {
          "score": "Economie",
          "isByTurn": false,
          "value": -1
        },
        {
          "score": "Culture",
          "isByTurn": false,
          "value": 1
        },
        {
          "score": "Mobilite",
          "isByTurn": false,
          "value": 1
        }
      ],
      "duration": null,
      "cooldown": null,
      "delay": 0
    }
  },

  {
    "Positive": {
      "name": "Tunnel entre les campus",
      "description": "Ouvrir les passages souterrains existants pour éviter tous ces détours et surtout éviter la pluie et les controlleur-euses dans le métro.",
      "requirements": [
        {
          "score": "Economie",
          "isByTurn": false,
          "minRequired": null
        }
      ],
      "consequences": [
        {
          "score": "Mobilite",
          "isByTurn": false,
          "value": 3
        },
        {
          "score": "Energie",
          "isByTurn": false,
          "value": -1
        }
      ],
      "duration": null,
      "cooldown": null,
      "delay": 0
    },

    "Negative": {
      "name": "Colloque l'étranger",
      "description": "Et oui la mobilité ça intègre aussi voyager hors campus! Les colloques à l'étranger sera limité aux voyages en train",
      "requirements": [
        {
          "score": "Economie",
          "isByTurn": false,
          "minRequired": null
        }
      ],
      "consequences": [
        {
          "score": "Environnement",
          "isByTurn": false,
          "value": 2
        },
        {
          "score": "Mobilite",
          "isByTurn": false,
          "value": 2
        },
        {
          "score": "Academique",
          "isByTurn": false,
          "value": -1
        },
        {
          "score": "Economie",
          "isByTurn": false,
          "value": 2
        }
      ],
      "duration": null,
      "cooldown": null,
      "delay": 0
    },
    "Random": {
      "name": "trampoline pour se déplacer entre les étages ",
      "description": "Vous savez quand on dit: 'j'y fais juste un saut?' Maintenant c'est possible! L'énergie cinétique permet d'optimiser l'énergie pour se déplacer.",
      "requirements": [
        {
          "score": "Economie",
          "isByTurn": false,
          "minRequired": null
        }
      ],
      "consequences": [
        {
          "score": "Population",
          "isByTurn": false,
          "value": 1
        },
        {
          "score": "Mobilite",
          "isByTurn": false,
          "value": 2
        },
        {
          "score": "Economie",
          "isByTurn": false,
          "value": -1
        }
      ],
      "duration": null,
      "cooldown": null,
      "delay": 0
    }
  }
]
